{
  "project_info": {
    "name": "ADS Pillar - Programmatic SEO System",
    "version": "1.0.0",
    "description": "Automated system for creating AdSense-monetized local directory websites",
    "author": "ADS Pillar Team",
    "created": "2024-12-19"
  },
  "revenue_model": {
    "primary": "Google AdSense",
    "formula": "Revenue = Pageviews × Page-RPM / 1000",
    "target_rpm_range": "8-25 EUR per 1000 pageviews",
    "target_traffic": {
      "month_1": 10000,
      "month_3": 50000,
      "month_6": 150000,
      "month_12": 500000
    }
  },
  "niche_examples": [
    {
      "name": "Hundeparks",
      "keywords": ["hundepark", "dog park", "hundezone"],
      "facets": ["zaun", "wasser", "schatten", "größe", "agility"],
      "estimated_rpm": "12-20",
      "competition": "medium",
      "seasonality": "low"
    },
    {
      "name": "Arbeitsplätze & Cafés",
      "keywords": ["coworking", "wifi cafe", "arbeitsplatz"],
      "facets": ["wifi", "steckdosen", "lärmpegel", "öffnungszeiten"],
      "estimated_rpm": "15-25",
      "competition": "high",
      "seasonality": "low"
    },
    {
      "name": "Sauna & Wellness",
      "keywords": ["sauna", "wellness", "spa"],
      "facets": ["außenbereich", "ruheraum", "preise", "aufguss"],
      "estimated_rpm": "18-30",
      "competition": "medium",
      "seasonality": "medium"
    }
  ],
  "technical_stack": {
    "frontend": ["HTML5", "CSS3", "Vanilla JavaScript"],
    "backend": ["Python 3.8+", "Pandas", "Requests"],
    "seo": ["Schema.org JSON-LD", "XML Sitemaps", "robots.txt"],
    "analytics": ["Google Analytics 4", "Google Search Console"],
    "monetization": ["Google AdSense Auto Ads"]
  },
  "file_structure": {
    "templates": ["pillar_page_skeleton.html", "directory_facets_template.csv"],
    "python_tools": ["data_pipeline.py", "niche_research.py", "seo_setup.py"],
    "documentation": ["README.md", "adsense_policy_checklist.md"],
    "data": ["revenue_model.csv"],
    "automation": ["run_setup.sh"]
  },
  "success_metrics": {
    "seo": {
      "target_keywords_top10": 3,
      "average_position": "<30",
      "organic_ctr": ">2%",
      "core_web_vitals": "good"
    },
    "monetization": {
      "adsense_rpm": ">12",
      "ad_viewability": ">70%",
      "invalid_traffic": "<5%",
      "monthly_revenue_growth": ">15%"
    },
    "user_experience": {
      "bounce_rate": "<60%",
      "session_duration": ">90s",
      "pages_per_session": ">1.5",
      "mobile_usability": "100%"
    }
  },
  "launch_timeline": {
    "week_1": {
      "focus": "Setup & Launch",
      "deliverables": [
        "Domain live with AdSense",
        "Basic pillar page for 1 city",
        "Google Analytics & Search Console configured"
      ]
    },
    "month_1": {
      "focus": "Optimization",
      "deliverables": [
        "50+ locations in database",
        "First organic rankings",
        "AdSense revenue activated"
      ]
    },
    "month_3": {
      "focus": "Scaling",
      "deliverables": [
        "3-5 cities covered",
        "Template-based page generation",
        "€500+ monthly revenue target"
      ]
    },
    "month_6": {
      "focus": "Automation",
      "deliverables": [
        "10+ cities automated",
        "API-driven data updates",
        "€2000+ monthly revenue target"
      ]
    }
  },
  "compliance": {
    "adsense_policies": [
      "No click encouragement",
      "Clear ad labeling",
      "Quality content requirements",
      "Invalid traffic prevention"
    ],
    "gdpr_requirements": [
      "Cookie consent management",
      "Privacy policy",
      "Data processing transparency",
      "User rights implementation"
    ],
    "seo_best_practices": [
      "Original content creation",
      "Mobile-first design",
      "Fast loading times",
      "Schema markup implementation"
    ]
  },
  "risk_mitigation": {
    "adsense_risks": [
      "Policy violations → Regular compliance audits",
      "Invalid traffic → Organic-only promotion",
      "Low RPM → Content & placement optimization"
    ],
    "seo_risks": [
      "Duplicate content → Template variations",
      "Algorithm updates → Diversified traffic sources",
      "Competition → Unique value propositions"
    ],
    "technical_risks": [
      "Site downtime → Reliable hosting + monitoring",
      "Security issues → Regular updates + SSL",
      "Performance problems → Optimization + CDN"
    ]
  }
}
